No,ผฬ,k,o,n,Link,๕l
1,ลsี,41.79722222,140.7569444,kCนูs,,
2,ํCโี,44.12944444,144.0161111,kCนkฉs,,
3,ใVRูี,41.80055556,140.0991667,kCนใmฌ,,
4,OเRโี,40.81138889,140.6966667,ยXงยXs,,
5,\Oฉโี,41.02805556,140.3297222,ยXง์ดs,,
6,บโี,38.97833333,140.9536111,โ่ง๊ึs,,
7,ด์Fี,39.34388889,141.6825,โ่งฮs,,
8,ฝ๊้ี,38.30666667,140.9883333,{้งฝ๊้s,,
9,Hc้ี,39.74083333,140.0811111,HcงHcs,,
10,ๅย๓๑ฮ,40.27138889,140.8044444,Hcงญps,,
11,{ิฦ{@,38.91444444,139.8394444,R`ง๐cs,,
12,ขํษฐ,37.03611111,140.8372222,งขํซs,,
13,ฝ๒ฏๅษโี,36.17805556,140.1033333,๏้งยญฮs,,
14,ีหรญ,36.37388889,140.5694444,๏้งะฝฟศฉs,,
15,ซwZี,36.33583333,139.4533333,ศุงซs,,
16,์โี,36.32611111,139.8819444,ศุงฌRs,,
17,ใ์O่,36.265,138.9963889,Qnง่s,,ใ์O่อuRmใ่vuเไ๒่vuฝำ่v๐wตAuฝำ่v๐ใ\_ฦตฤๆพ
18,xชป๊,36.25527778,138.8875,Qnงxชs,,
19,โhโี,36.4,139.2875,Qnงว่s,,
20,้สรญQ,36.12694444,139.4791667,้สงscs,,
21,ซ`้ี,36.10916667,139.1958333,้สง๑ฌ,,
22,ม]Lห,35.62361111,140.165,็tง็ts,,
23,ใช๒ี,35.49972222,140.1180556,็tงsดs,,
24,]ห้ี,35.68722222,139.7552778,s็ใcๆ,,
25,Vดโิ๊ี,35.66583333,139.7616667,s`ๆ,,
26,นฐ,35.70055556,139.7669444,sถๆ,,
27,ๅXLห,35.59083333,139.7291667,si์ๆ,,
28,ๅหEฮyโี,35.55138889,139.5805556,_์งกls,,
29,ฮ_R๊้้ี,35.23527778,139.1269444,_์งฌcดs,,
30,Vลึี,37.93027778,139.0569444,VงVs,,
31,nEO\๎๊โี,37.4475,138.7680556,Vงทชs,,
32,ทาPดโี,37.02722222,137.8655556,Vง์s
33,ฒnเRโี,38.04194444,138.2591667,Vงฒns
34,๒,36.55861111,136.9722222,xRง์vs
35,ฮฎR,36.96555556,136.9711111,ฮ์ง\oฌ
36,๊ๆJฉqโี,36.00055556,136.2955556,ไงไs
37,Rฝ๒ซเ,36.045,136.5411111,ไงRs
38,cูี,35.68666667,138.5766667,Rงb{s
39,๋ฮE^๖ชโี,36.01333333,138.2327778,ท์ง์s
40,XซRหรญ,36.53138889,138.1372222,ท์ง็ศs
41,้RโีQ,36.1525,138.2094444,ท์งทaฌ
42,]n้ูีบูี,36.32722222,137.3086111,๒ง๒หs
43,ึดรํ๊,35.36777778,136.4655556,๒งึPดฌ
44,oCโี,34.95583333,138.4080556,รชงรชs
45,k๐jี,35.04638889,138.9372222,รชงษคฬs
46,ทย้ฌ,34.92277778,137.5597222,คmงV้s
47,ษวฮๅขqี,34.59527778,137.0563889,คmงcดs
48,ึ{ี,34.54027778,136.6127778,Odงพaฌ
49,ฮR,34.96027778,135.9055556,๊งๅรs
50,Fช้,35.27638889,136.2516667,๊งFชs
51,ภy้ี,35.15583333,136.1391667,๊ง฿]ชฆs
52,ด,34.99472222,135.785,s{ss
53,ึไๅหRรญ,34.76222222,135.8180556,s{ุร์s
54,๏g{ี,34.68055556,135.5233333,ๅใ{ๅใs
55,ก้หรญ,34.85027778,135.5941667,ๅใ{ฮs
56,๚ชโี,34.37388889,135.3430556,ๅใ{๒ฒ์s
57,rใ]ชโี,34.50194444,135.4272222,ๅใ{a๒sE๒ๅรs
58,ิไ้ี,34.74583333,134.3891667,บษงิไs
59,ฝ้{ี,34.69277778,135.7972222,วงวs
60,กด{ี,34.50222222,135.8072222,วงดs
61,ใโี,34.54333333,135.8333333,วง๗ไs
62,ฮไรญ,34.46694444,135.8261111,วงพ๚บ
63,โด็หรญQ,34.22361111,135.23,aฬRงaฬRs
64,F์OR,33.84027778,135.7736111,aฬRงcำsEV{s,,F์ORอuF์{{ๅะvuF์ฌสๅะvuF์฿qๅะv๐wตAuF์{{ๅะv๐ใ\_ฦตฤๆพ
65,ให{ี,35.43111111,133.7855556,นๆงqgs,,
66,ศุำcโี,35.46361111,133.4525,นๆงๅRฌ,,
67,r_Jโี,35.37638889,132.8525,ชงo_s,,
68,cVNไฦฝฝ็ปSโี,35.20277778,132.6808333,ชงo_s,,
69,ฮฉโRโี,35.105,132.4413889,ชงๅcs,,
70,Sm้,34.7275,133.7677778,ชRงะs,,
71,๕ผR้,34.80888889,133.6219444,ชRงภs,,
72,ห็ฌฌโี,34.47888889,133.35,LงRs,,
73,yไlโี,34.29361111,130.8863889,R๛งบึs,,
74,ๅเูี,34.18416667,131.4802778,R๛งR๛s,,
75,ทoบRี,34.245,131.3358333,R๛งIs,,
76,ฟ้ี,34.07527778,134.555,ฟงฟs,,
77,ฎ้,34.35805556,134.1011111,์งผs,,๊๐ม่ลซศขฝ฿Auฎv๐ใ\_ฦตฤๆพ
78,ๅโ้ฮ_ฮุ๊ี,34.50777778,134.3488889,์งฌคฌ,,
79,ๅR__ะ,34.24805556,133.0058333,คQงกกs,,
80,สqบRี,33.86527778,133.3280556,คQงVls
81,ดอด,33.60277778,133.7452778,mงs
82,ยtโี,33.56555556,130.4527778,ชงชs
83,OไOrYzี,33.01305556,130.4558333,ชงๅดcsEF{ง
84,ชรญQ,33.23638889,130.5186111,ชงชs
85,ๅษ{ี,33.515,130.5155556,ชงพษ{s
86,ผ์ฎ้ี,33.53027778,129.8691667,ฒ๊งรs
87,g์ขโี,33.32555556,130.3841667,ฒ๊งg์ขฌ
88,๒Rฅฮ๊ี,33.19361111,129.9102778,ฒ๊งLcฌ
89,oaคูี,32.74361111,129.8730556,ท่งท่s
90,๒ด,33.20472222,129.7302778,ท่งฒขs
91,ฝหaคูี,33.37222222,129.5569444,ท่งฝหs
92,ดฬาโี,33.75916667,129.7533333,ท่ง๋๒s
93,ด้ี,32.63416667,130.2552778,ท่ง์ดs
94,F{้,32.80611111,130.7058333,F{งF{s
95,ช้ฌ,32.96916667,131.4077778,ๅชง|cs
96,Fฒ_{,33.52333333,131.3772222,ๅชงFฒs
97,ผsดรญQ,32.11722222,131.3883333,{่งผss
98,ฎรWฌู,31.61722222,130.5763889,ญงญs
99,ใ์ดโี,31.71361111,130.8013889,ญงถs
100,๑ข้,26.21694444,127.7194444,ซ๊ง฿es
101,ึ๊ไิ,26.17333333,127.8272222,ซ๊ง์้s
