No,–¼Ì,–kˆÜ,“ŒŒo,Šİ’n,Link,”õl
1,”ŸŠÙR,41.7591666,140.7044444,–kŠC“¹”ŸŠÙs,https://yakei.jp/japan/spot.php?i=hakodate,“ú–{O‘å–éŒi
2,‘”ŠâR,43.0222222,141.3222222,–kŠC“¹D–ys,https://hokkaido-labo.com/area/sapporo/moiwa-mountain-night-view,
3,“V‹çR,43.1716666,140.9722222,–kŠC“¹¬’Ms,https://yakei.jp/japan/spot.php?i=tenguyama,
4,JRƒ^ƒ[“W–]ºT38,43.0680555,141.3525,–kŠC“¹D–ys,https://yakei.jp/japan/spot.php?i=t38,
5,Š˜‰çR,41.2786111,141.1194444,ÂXŒ§‚Ş‚Âs,https://yakei.jp/japan/spot.php?i=kamahuse,
6,ƒzƒeƒ‹ƒ”ƒBƒ‰ƒVƒeƒB[‰_’J,40.7369444,140.7875,ÂXŒ§ÂXs,https://yakei.jp/japan/spot.php?i=moyahills,
7,ŠâRŒö‰€,39.6994444,141.1830555,ŠâèŒ§·‰ªs,https://yakei.jp/japan/spot.php?i=iwayama,
8,Z—F¶–½å‘ä’†‰›ƒrƒ‹(SS30),38.2561111,140.8780555,‹{éŒ§å‘äs,https://yakei.jp/japan/spot.php?i=ss30,
9,ƒZƒŠƒIƒ“,39.7525,140.0611111,H“cŒ§H“cs,https://yakei.jp/japan/spot.php?i=selion,
10,•‘’ßŒö‰€,38.3555555,140.3761111,RŒ`Œ§“V“¶s,https://yakei.jp/japan/spot.php?i=maizuru,
11,’­ŠC‚ÌX,38.8591666,139.9794444,RŒ`Œ§ğ“cs,https://yakei.jp/japan/spot.php?i=choukainomori,
12,M•vR,37.7691666,140.4658333,•Ÿ“‡Œ§•Ÿ“‡s,https://yakei.jp/japan/spot.php?i=shinobu1st,
13,’}”gR¥•\’}”gƒXƒJƒCƒ‰ƒCƒ“,36.2261111,140.1011111,ˆïéŒ§‚Â‚­‚Îs¥Î‰ªs,https://yakei.jp/japan/spot.php?i=tsukubayama,
14,‘¾•½R,36.3647222,139.6902777,“È–ØŒ§“È–Øs,https://yakei.jp/japan/spot.php?i=oohira_temple,
15,D•PŒö‰€,36.3411111,139.4458333,“È–ØŒ§‘«—˜s,https://yakei.jp/japan/spot.php?i=orihime,
16,ŒQ”nŒ§’¡“W–]ƒz[ƒ‹,36.3911111,139.0608333,ŒQ”nŒ§‘O‹´s,https://yakei.jp/japan/spot.php?i=gunma,
17,‘åƒpƒmƒ‰ƒ}–éŒi“W–]‘ä,36.5127777,139.1836111,ŒQ”nŒ§‘O‹´s,https://yakei.jp/japan/spot.php?i=akagi,
18,é‹ÊŒ§”ü‚ÌRŒö‰€,36.0552777,139.1147222,é‹ÊŒ§’•ƒs,https://yakei.jp/japan/spot.php?i=minoyama,
19,‚«‚İ‚³‚ç‚¸ƒ^ƒ[,35.3797222,139.9377777,ç—tŒ§–ØX’Ãs,https://yakei.jp/japan/spot.php?i=kimisarazu,
20,”Ñ‰ªŒY•”–¦,35.6933333,140.7377777,ç—tŒ§ˆ®s,https://yakei.jp/japan/spot.php?i=iioka,
21,“Œ‹ƒ^ƒ[,35.6586111,139.7452777,“Œ‹“s`‹æ,https://yakei.jp/japan/spot.php?i=tokyotower2nd,
22,˜Z–{–Øƒqƒ‹ƒY‘å“W–]‘ä “Œ‹ƒVƒeƒBƒrƒ…[,35.6602777,139.7291666,“Œ‹“s`‹æ,https://yakei.jp/japan/spot.php?i=hills-deck,
23,“s’¡,35.6897222,139.6916666,“Œ‹“sVh‹æ,https://yakei.jp/japan/spot.php?i=tocho_n,
24,ƒTƒ“ƒVƒƒƒCƒ“60,35.7294444,139.7177777,“Œ‹“s–L“‡‹æ,https://yakei.jp/japan/spot.php?i=sunshine,
25,_“ŞìŒ§ƒ‰ƒ“ƒhƒ}[ƒNƒ^ƒ[ ƒXƒJƒCƒK[ƒfƒ“,35.4544444,139.6313888,_“ŞìŒ§‰¡•ls,https://yakei.jp/japan/spot.php?i=landmark,
26,‰¡•l`‘å‚³‚ñ‹´‘Û‹q‘Dƒ^[ƒ~ƒiƒ‹,35.4508333,139.6469444,_“ŞìŒ§‰¡•ls,https://yakei.jp/japan/spot.php?i=oosanbashi,
27,Ã“ì•½,35.3197222,139.3083333,_“ŞìŒ§•½’Ës,https://yakei.jp/japan/spot.php?i=syonan,
28,Ø‚Ì‰Ô‘ä,35.4105555,139.2094444,_“ŞìŒ§`–ìs,https://yakei.jp/japan/spot.php?i=nanohanadai,
29,“Jìƒtƒ‹[ƒcŒö‰€,35.7033333,138.6661111,R—œŒ§R—œs,https://yakei.jp/japan/spot.php?i=fruit,V“ú–{O‘å–éŒi
30,V‘qóŠÔ_Ğ,35.5011111,138.8011111,R—œŒ§•xm‹g“cs,https://yakei.jp/japan/spot.php?i=fujisengen,
31,éëƒƒbƒZ“W–]º,37.9258333,139.0597222,VŠƒŒ§VŠƒs,https://yakei.jp/japan/spot.php?i=toki,
32,–í•FR,37.7044444,138.8033333,VŠƒŒ§–í•F‘º,https://yakei.jp/japan/spot.php?i=yahikotop
33,•xRs–ğŠ,36.6958333,137.2136111,•xRŒ§•xRs,https://yakei.jp/japan/spot.php?i=toyama_city
34,“ñãR,36.79,137.0152777,•xRŒ§‚‰ªs,https://yakei.jp/japan/spot.php?i=hutagamiyama
35,‰K’CR,36.5708333,136.6775,ÎìŒ§‹à‘òs,https://yakei.jp/japan/spot.php?i=udatsu_miharashi
36,ÎìŒ§’¡,36.595,136.625,ÎìŒ§‹à‘òs,https://yakei.jp/japan/spot.php?i=ishikawa
37,‘º‘R,35.8997222,136.1813888,•ŸˆäŒ§‰z‘Os,https://yakei.jp/japan/spot.php?i=murakuni
38,›HÌSA,36.4966666,138.0955555,’·–ìŒ§ç‹Ès,https://yakei.jp/japan/spot.php?i=obasute-sa
39,éRŒö‰€,36.2463888,137.9544444,’·–ìŒ§¼–{s,https://yakei.jp/japan/spot.php?i=matsumoto
40,—§ÎŒö‰€,36.0530555,138.1227777,’·–ìŒ§z–Ks,https://yakei.jp/japan/spot.php?i=tateishi
41,‹à‰ØR,35.4333333,136.7813888,Šò•ŒŒ§Šò•Œs,https://yakei.jp/japan/spot.php?i=kinka
42,’r“cR,35.4394444,136.5269444,Šò•ŒŒ§—K”ãŒS’r“c’¬,https://yakei.jp/japan/spot.php?i=ikedayama
43,ˆÉ“¤ƒXƒJƒCƒ‰ƒCƒ“,35.1027777,139.0380555,Ã‰ªŒ§ˆÉ“¤ƒGƒŠƒA,https://yakei.jp/japan/spot.php?i=nishitanna
44,”MŠCé,35.0866666,139.0788888,Ã‰ªŒ§”MŠCs,https://yakei.jp/japan/spot.php?i=atami
45,•xmìSA,35.1594444,138.6202777,Ã‰ªŒ§•xms,https://yakei.jp/japan/spot.php?i=fujigawa-sa
46,“ŒRƒXƒJƒCƒ^ƒ[,35.1566666,136.9788888,ˆ¤’mŒ§–¼ŒÃ‰®s,https://yakei.jp/japan/spot.php?i=sky-tower
47,‘ ‰¤R“W–]‘ä,34.6847222,137.2622222,ˆ¤’mŒ§“cŒ´s,https://yakei.jp/japan/spot.php?i=zaouzan
48,‚âŒö‰€¥‰H’ÃR—Î’n,35.0005555,136.6208333,OdŒ§l“úss,https://yakei.jp/japan/spot.php?i=tarusaka,
49,”ä‰bRƒhƒ‰ƒCƒuƒEƒGƒC,35.0513888,135.8386111, ‰êŒ§‘å’Ãs,https://yakei.jp/japan/spot.php?i=yumemi,
50,«ŒR’Ë(“ŒRR’¸Œö‰€),35.0011111,135.7875,‹“s•{‹“ss,https://yakei.jp/japan/spot.php?i=daibutai,
51,”ä‰bRƒhƒ‰ƒCƒuƒEƒGƒC,35.0647222,135.8288888,‹“s•{‹“ss,https://yakei.jp/japan/spot.php?i=hiei_hotel,
52,–œ“”˜CR“W–]‘ä,34.8133333,135.8230555,‹“s•{ˆäè’¬,https://yakei.jp/japan/spot.php?i=mandoro,
53,”~“cƒXƒJƒCƒrƒ‹‹ó’†’ë‰€,34.7055555,135.4905555,‘åã•{‘åãs,https://yakei.jp/japan/spot.php?i=sky-build,
54,WTC,34.6377777,135.4144444,‘åã•{‘åãs,https://www.nightview.info/yakei/detail/wtc_osaka/,
55,M‹M¶‹îƒXƒJƒCƒ‰ƒCƒ“,34.6133333,135.6533333,‘åã•{“Œ‘åãs¥”ª”ös,https://yakei.jp/japan/spot.php?i=kanenonaru,
56,“Œ‘åãs–ğŠ,34.6794444,135.6008333,‘åã•{“Œ‘åãs,https://yakei.jp/japan/spot.php?i=east-osaka,
57,ŒÜŒR,34.8316666,135.4272222,‘åã•{’r“cs,https://yakei.jp/official/pref-nj/p27.html,
58,ò‘å’ÃPA,34.5080555,135.3958333,‘åã•{ò‘å’Ãs,https://yakei.jp/japan/spot.php?i=izumi-pa,
59,–€–ëR,34.7338888,135.2055555,•ºŒÉŒ§_ŒËs,https://yakei.jp/japan/spot.php?i=maya,“ú–{O‘å–éŒi
60,˜ZbƒK[ƒfƒ“ƒeƒ‰ƒX,34.7644444,135.2463888,•ºŒÉŒ§_ŒËs,https://yakei.jp/japan/spot.php?i=garden,
61,ƒr[ƒiƒXƒuƒŠƒbƒW,34.6980555,135.1797222,•ºŒÉŒ§_ŒËs,https://yakei.jp/japan/spot.php?i=binasu,
62,ˆ°—Lƒhƒ‰ƒCƒuƒEƒGƒC,34.7808333,135.2883333,•ºŒÉŒ§ˆ°‰®s,https://yakei.jp/japan/spot.php?i=royuu,
63,’W˜HSA,34.5825,135.0183333,•ºŒÉŒ§’W˜Hs,https://yakei.jp/japan/spot.php?i=awaji-sa,
64,á‘R,34.6908333,135.8555555,“Ş—ÇŒ§“Ş—Çs,https://yakei.jp/japan/spot.php?i=wakakusa,V“ú–{O‘å–éŒi
65,M‹M¶‹îƒXƒJƒCƒ‰ƒCƒ“,34.6711111,135.6763888,“Ş—ÇŒ§¶‹îs¥•½ŒQ’¬,https://yakei.jp/japan/spot.php?i=ikomadaiichi,
66,‹IƒmìSA,34.2747222,135.2475,˜a‰ÌRŒ§˜a‰ÌRs,https://yakei.jp/japan/spot.php?i=kinokawa-sa,
67,˜hƒ–•ôƒRƒXƒ‚ƒXƒp[ƒN,34.0925,135.2341666,˜a‰ÌRŒ§—L“cì’¬,https://yakei.jp/japan/spot.php?i=cosmos,
68,˜h‰HRƒXƒJƒCƒ‰ƒCƒ“,34.5091666,133.7822222,‰ªRŒ§‘q•~s,https://yakei.jp/japan/spot.php?i=washuzan_road,
69,ê¡ÆR‘‡Œö‰€,34.5713888,133.6161111,‰ªRŒ§óŒûs,https://yakei.jp/japan/spot.php?i=yoshozan,
70,‰©‹àR,34.3672222,132.4905555,L“‡Œ§L“‡s,https://yakei.jp/japan/spot.php?i=ougonzan,
71,ŠDƒ–•ô,34.27,132.5922222,L“‡Œ§Œàs,https://yakei.jp/japan/spot.php?i=haigamine,
72,çŒõ›“W–]‘ä,34.4108333,133.1961111,L“‡Œ§”ö“¹s,https://yakei.jp/japan/spot.php?i=senkouji,
73,‰Î‚ÌR,33.9727777,130.9594444,RŒûŒ§‰ºŠÖs,https://yakei.jp/japan/spot.php?i=hinoyama,
74,—³‰¤RŒö‰€,33.9572222,131.1675,RŒûŒ§R—z¬–ì“cs,https://yakei.jp/japan/spot.php?i=ryuouzan-park,
75,”ûR,34.0680555,134.5375,“¿“‡Œ§“¿“‡s,https://yakei.jp/japan/spot.php?i=mayuyama,
76,‰®“‡ ‚q‚Ì—ìŒµ,34.3575,134.0988888,ìŒ§‚¼s,https://yakei.jp/japan/spot.php?i=yashima,
77,“Vg‚Ì‚·‚Ş‹u ƒTƒ“ƒAƒ“ƒWƒFƒŠ[ƒi“W–]‘ä,34.3197222,133.8311111,ìŒ§‰F‘½’Ã’¬,https://yakei.jp/japan/spot.php?i=tokiwa,
78,¼R‘‡Œö‰€,33.8444444,132.7408333,ˆ¤•QŒ§¼Rs,https://yakei.jp/japan/spot.php?i=matsuyama,
79,‹ï’è“W–]‘ä,33.9572222,133.5252777,ˆ¤•QŒ§l‘’†‰›s,https://yakei.jp/japan/spot.php?i=gujyou,
80,ŒÜ‘äRŒö‰€,33.5466666,133.5738888,‚’mŒ§‚’ms,https://yakei.jp/japan/spot.php?i=goshikidai,
81,M‘qR,33.8458333,130.7966666,•Ÿ‰ªŒ§–k‹ãBs,https://yakei.jp/japan/spot.php?i=sarakura,V“ú–{O‘å–éŒi
82,•Ÿ‰ªƒ^ƒ[,33.5933333,130.3513888,•Ÿ‰ªŒ§•Ÿ‰ªs,https://yakei.jp/japan/spot.php?i=fukuoka-tower,
83,–ûR •Ğ]“W–]‘ä,33.5302777,130.3666666,•Ÿ‰ªŒ§•Ÿ‰ªs,https://yakei.jp/japan/spot.php?i=kataeyama,
84,•Ä‚ÌR“W–]Lê,33.605,130.5419444,•Ÿ‰ªŒ§ÂŒI’¬,https://yakei.jp/japan/spot.php?i=kome,
85,ˆî²R,32.7527777,129.8494444,’·èŒ§’·ès,https://yakei.jp/japan/spot.php?i=inasayama,“ú–{O‘å–éŒi
86,‹|’£Šx“W–]‘ä,33.1791666,129.7008333,’·èŒ§²¢•Ûs,https://yakei.jp/japan/spot.php?i=yumihari,
87,‰Ô‰ªR,32.7963888,130.6855555,ŒF–{Œ§ŒF–{s,https://yakei.jp/japan/spot.php?i=hanaokayama,
88,‹à•ôR,32.8097222,130.6372222,ŒF–{Œ§ŒF–{s,https://yakei.jp/japan/spot.php?i=kinbozan,
89,\•¶šŒ´“W–]‘ä,33.33,131.4597222,‘å•ªŒ§•Ê•{s,https://yakei.jp/japan/spot.php?i=jyumonji,
90,ˆ¤“†RŒö‰€,32.5622222,131.6694444,‹{èŒ§‰„‰ªs,https://yakei.jp/japan/spot.php?i=atagoyama-park,
91,‹àŒäŠxŒö‰€,31.6625,131.0802777,‹{èŒ§“sés,https://yakei.jp/japan/spot.php?i=kaminedake,
92,éR“W–]‘ä,31.5958333,130.5488888,­™“‡Œ§­™“‡s,https://yakei.jp/japan/spot.php?i=siroyama-view,
93,éRŒö‰€,31.7408333,130.7822222,­™“‡Œ§–¶“‡s,https://yakei.jp/japan/spot.php?i=shiroyama-kokubu,
94,‰Y“Y‘åŒö‰€,26.2544444,127.7247222,‰«“êŒ§‰Y“Ys,https://yakei.jp/japan/spot.php?i=urasoe,
