No,ќ╝Ј╠,ќkѕ▄,Њїїo,ЈіЇПњn,Link
1,ЊyІ┤јЕЉRі¤ј@І│ѕуЌЛ,41.9136111,140.2144444,ќkіCЊ╣їЩЉЫЋћњг,
2,љъЇЄЋй,43.6791666,142.8444444,ќkіCЊ╣ЊїљВњг,
3,Ѓ|ЃЇЃgѓ╠љX,42.5752777,141.3502777,ќkіCЊ╣ћњўVњг,
4,јьЇиіCіП,40.5152777,141.6044444,љ┬љXїДћфї╦јs,
5,ЅюЊЧљБїkЌгѓкњМЈ└,40.5994444,140.9505555,љ┬љXїДЈ\ўaЊcјs,
6,ЅЊќВЃGЃіЃA,39.3555555,141.5680555,іРјУїДЅЊќВјs,
7,ѕ└ћСЇѓї┤ЃuЃiѓ╠ЊыјЪЌЛ,40.0088888,140.9572222,іРјУїДћфћдЋйјs,
8,ќkјRЇУјЕЉRЌVЋЯЊ╣,39.9713888,141.9516666,іРјУїДЊcќВћеЉ║ЂAЋЂЉсЉ║,
9,ћњљ╬љВњу,38.0488888,140.7383333,І{ЈжїДЉтЅ═ї┤њг,
10,ЅюЈ╝ЊЄЇхЅсїk,38.3280555,141.1697222,І{ЈжїДЊїЈ╝ЊЄјs,
11,Ѕюѓ╠ЇОЊ╣Ј█іЃІсЈ\ІсЊЄ,39.2197222,139.9077777,ЈHЊcїДѓ╔ѓЕѓ┘јs,
12,ўZІйЌNљЁїQ,39.4211111,140.5452777,ЈHЊcїДћЧІйњг,
13,ЉаЅцЇѓї┤ќVЋй,38.125,140.3994444,јRї`їДЈсјRјs,
14,њГіCѓ╠љX,38.8555555,139.9827777,јRї`їДј­Њcјs,
15,Ї┼ЈсљВЈMЅSѓ╠ѓМѓжЌб,38.3727777,140.2125,јRї`їДЉтЇ]њг,
16,јlјъљВїkњJЌбјR,36.9283333,140.6761111,ЋЪЊЄїДѓбѓьѓФјs
17,Ѕ║ќВіXЊ╣,37.3338888,139.8608333,ЋЪЊЄїДЅ║ІйњгЂAЅ№њ├ћЧЌбњг
18,ЉЧїЕљВјЧЋМ,37.5313888,139.7244444,ЋЪЊЄїДќШњ├њг
19,ЌаћоњЫЇѓї┤,37.6522222,140.0780555,ЋЪЊЄїДќkЅќї┤Љ║
20,Ќ­јjѓ╠Ќб,36.5425,140.5138888,ѕ№ЈжїДЈьЌцЉЙЊcјs
21,јЕЉRїШЅђѓкјOќ╝Јі,36.3416666,139.4458333,Њ╚ќпїДЉФЌўјs
22,ѓЯѓцѓлѓкѓ┬ѓ╠ЊЩїш,36.755,139.6036111,Њ╚ќпїДЊЩїшјs
23,Ѕќї┤їkњJЋЯЊ╣,36.9658333,139.8519444,Њ╚ќпїДЊ▀љ{Ѕќї┤јs
24,ќВћйї╬,36.7169444,138.6391666,їQћnїДњєћVЈ­њг
25,ЉаЉбѓУѓ╠њгЋ└ѓП,35.9241666,139.4827777,ЇжІ╩їДљВЅzјs
26,ЉљЅ┴Ј╝ї┤,35.8416666,139.805,ЇжІ╩їДЉљЅ┴јs
27,ќkЉЇѓ╠ЈгЇ]ї╦,35.8888888,140.4977777,љуЌtїДЇЂјТјs
28,љуЉqѓ╠Ѕнће,34.9330555,139.9527777,љуЌtїДЊВќ[ЉЇјs
29,Ї]ї╦ЋХЅ╗ѓ╠њг,35.6963888,139.7958333,ЊїІъЊsќnЊcІТЂAЇ]ЊїІТ
30,іJЇ`ѓ╠Њ╣,35.4530555,139.6352777,љ_ЊяљВїДЅАЋlјs
31,љ╝ѓ│ѓфѓПўAќMІцўaЇЉ,35.2563888,139.1547222,љ_ЊяљВїДЈгЊcї┤јsЂAћаЇфњгЂAљ^њ▀њгЂAЊњЅ═ї┤њг
32,ЋЪЊЄіЃ,37.9133333,139.2441666,љVіЃїДљVіЃјs
33,ІРјRЋй,37.1369444,139.155,љVіЃїДІЏЈ└јs
34,ћ┴ћШЇѓї┤,36.8575,138.2908333,љVіЃїДќГЇѓјs
35,Ј╝ЊcЇ]ѓ╠њиЋl,36.8341666,137.0091666,ЋxјRїДЋXїЕјs
36,ЇЋЋћјsљХњn,36.8922222,137.4186111,ЋxјRїДЇЋЋћјs
37,љ╬Њ«ѓ╠јЏѓкљ╬ЋД,36.6761111,136.8666666,ЋxјRїДЈгќЬЋћјs
38,ѓлѓфѓхњЃЅ«іXѓкљSѓ╠Њ╣,36.5730555,136.6663888,љ╬љВїДІЯЉЫјs
39,јRѓ╠јЏрмЉzѓ╠Њ╣,37.0488888,136.9530555,љ╬љВїДјхћШјs
40,ІCћСѓ╠Ј╝ї┤,35.6552777,136.0516666,ЋЪѕСїДЊоЅЖјs
41,ЋxјmјRќkїчјUЇЗ,35.4411111,138.77,јRЌюїДЋxјmІgЊcјs
42,ЃIЃIЃђЃЅЃTЃLјЕЉRі¤ј@ЋЯЊ╣,35.8266666,138.3652777,јRЌюїДќkЊmјs
43,љMї║ќ_Њ╣ЃRЂ[ЃX,35.8744444,138.3163888,јRЌюїДќkЊmјs
44,ЅќЊcЋй,36.3377777,138.1863888,њиќВїДЈсЊcјs
45,ЊЩќ{ѓ╠ї┤ЋЌїiѓ╠Ќи,36.9322222,138.3877777,њиќВїДћЛјRјs
46,љнЉЫјЕЉRІxЌ{ЌЛ,35.7291666,137.6261111,њиќВїДЈсЈ╝њг
47,њєјRЊ╣,35.5472222,137.5866666,њиќВїДЊВќпЉ]њг
48,ћњћnЈгїa,36.6961111,137.8633333,њиќВїДћњћnЉ║
49,њгЋ└ѓПѓкЈжџг,35.3627777,137.4494444,іЫЋїїДїbЊ▀јs
50,ЉэЅ═ЅиљЫјЕЉRњTЈЪўH,35.9225,137.4533333,іЫЋїїДЅ║ўCјs
51,ћаЇфІїіXЊ╣,35.1702777,139.005,љ├ЅфїДјOЊЄјs
52,ЌxјqЋЯЊ╣,34.7886111,138.9416666,љ├ЅфїДѕ╔ЊцјsЂAЅ═њ├њг
53,љАќћІгїkњJ,35.1811111,138.1122222,љ├ЅфїДљВЇфќ{њг
54,ћЧћZўH,35.1927777,136.8588888,ѕцњmїДќ╝ї├Ѕ«јsЂAљ┤љ{јs
55,љнќ┌јlЈ\ћфЉЖ,34.5611111,136.0891666,јOЈdїДќ╝њБјs
56,ѓ▄ѓ┐ѓ╚ѓП,35.1444444,136.0911111,јаЅЖїДІ▀Ї]ћфћдјs
57,љ┴ѕСЌNѓГѓьѓГіXЊ╣,35.3269444,136.3455555,јаЅЖїДЋ─ї┤јs
58,ї╬ѓ╠ЋМѓ╠Њ╣,35.5044444,136.1836111,јаЅЖїДњиЋlјs
59,ЋџїЕњnІТ,34.9325,135.7641666,ІъЊsЋ{ІъЊsјs
60,Љqї╔їQѓкЋЉњ▀ўp,35.4744444,135.3830555,ІъЊsЋ{ЋЉњ▀јs
61,њ|ЌЛѓЕѓ«ѓРЋPѓ╠Ќб,34.9555555,135.6888888,ІъЊsЋ{їЧЊЩјs
62,ѓЕѓРѓнѓФѓкЊЭѓ╠ї╬,35.2652777,135.4619444,ІъЊsЋ{ЊВњOјs
63,ЈсњгЉСњnќk,34.6769444,135.5172222,ЉтЇсЋ{ЉтЇсјs
64,ЋSљсњ╣ї├ЋГїQЃGЃіЃA,34.5583333,135.4841666,ЉтЇсЋ{ЇСјs
65,ІїІЈЌ»њnѓкЅнѓ╠ЅыўL,34.6883333,135.1930555,Ћ║ї╔їДљ_ї╦јs
66,њAћnѓ╠ЈгІъЊs,35.4613888,134.8744444,Ћ║ї╔їДќLЅфјs
67,ЇАѕСјЏЊЯњг,34.5069444,135.7866666,ЊяЌКїДіђї┤јs
68,Љтўaѓ╠ї├Њ╣ІIЇs,34.5077777,135.8777777,ЊяЌКїДЇэѕСјs
69,Љ]јбЇѓї┤,34.5233333,136.1477777,ЊяЌКїДЉ]јбЉ║
70,ќЙЊЩЇЂЉ║ѕЖЉЛ,34.4775,135.8191666,ЊяЌКїДќЙЊЩЇЂЉ║
71,їFќВї├Њ╣,33.8266666,135.6322222,ўaЅ╠јRїДЂAЊяЌКїДЂAјOЈdїД
72,ЅYЋxіCіП,35.5902777,134.2997222,њ╣јТїДіРћЧњг
73,ЉтјRјRў[ЌёЇ],35.4205555,133.4141666,њ╣јТїДЋ─јqјs
74,њqЊфЅЮЌѕѓкњqЊфЈh,35.2683333,134.2327777,њ╣јТїДњqЊфњг
75,јUЋЯЊ╣,34.4683333,131.7744444,ЊЄЇфїДњ├ўaќВњг
76,ЇЉЅЖіCіП,36.1063888,132.9725,ЊЄЇфїДљ╝ЃmЊЄњг
77,ЋЌѓ╠Њ╣,34.4425,133.7986111,ЅфјRїДЉqЋ~јs
78,њгЋ└ѓПЋ█ЉХњnІТ,35.0816666,133.6908333,ЅфјRїДљ^њвјs
79,їЯѓ╠Ї`,34.2422222,132.5527777,ЇLЊЄїДїЯјs
80,ћІЅЮім,34.3636111,131.4166666,јRїчїДћІјs
81,ЈHќFЊ┤ЂAЈHІgЉС,34.2280555,131.3033333,јRїчїДћЧћIјs
82,ћчјR,34.0680555,134.5375,Њ┐ЊЄїДЊ┐ЊЄјs
83,Ѕ«ЊЄ,34.3575,134.1016666,ЇЂљВїДЇѓЈ╝јs
84,ЅќќOќ{ЊЄ,34.3894444,133.7841666,ЇЂљВїДі█ІTјs
85,ЇnЊВѓ╠њгЋ└ѓП,33.5075,132.5488888,ѕцЋQїДЉтЈFјs
86,ЊVІуЇѓї┤,33.4772222,133.0047222,ЇѓњmїДњ├ќВњг
87,ќтјiЇ`ЃїЃgЃЇ,33.9463888,130.9613888,ЋЪЅфїДќkІсЈBјs
88,ќьљХѓ╠ЌбѓЕѓуљЁѓ╠Ій,33.3502777,130.3655555,Ї▓ЅЖїДљ_Їжјs
89,ўnќВњnІТѓ╠њIЊc,33.2944444,130.0344444,Ї▓ЅЖїДЊѓњ├јs
90,ЇЉќ»їШЅђЊsјs,32.7894444,130.3697222,њиЇУїДЊЄї┤јs
91,ћШЋйјЕЉRјUЇЗўH,32.8213888,131.3819444,ЉтЋфїДќLїсЉтќВјs
92,јOћVІ{Іг,32.03,131.0022222,І{ЇУїДЈгЌЛјs
93,Ќ­јjЊIњгЋ└ѓПѓкіCіП,32.3275,131.6030555,І{ЇУїДЊЩїЧјs
94,ќВЋДѓ╠Ќбѓкљ_ўb,32.7341666,131.3511111,І{ЇУїДЇѓљуЋСњг
95,їkњJЃgЃЇЃbЃRЊ╣,32.6608333,131.3916666,І{ЇУїДЊЩћVЅeњг
96,ѕкіxЌVЋЯ,32.9477777,130.9116666,їFќ{їДІeњrјs
97,ЌnіРЈЇЌVЋЯЊ╣,31.5908333,130.5938888,јГјЎЊЄїДјГјЎЊЄјs
98,ЉтљВї┤ІгЌIІvѓ╠љX,31.7752777,130.9291666,јГјЎЊЄїДЉ]ЅЌјs
99,ЃoЃЊЃiїШЅђ,24.3808333,124.1741666,ЅФЊЖїДљ╬і_јs
100,ЃOЃXЃNЃЇЂ[Ѓh,26.1438888,127.7747222,ЅФЊЖїДЊВЈжјs
