No,‹æŠÔ–¼,–kˆÜ,“ŒŒo,Šİ’n,Link,˜Hü–¼
1,”²ŠC\“ì’t“à,45.3166666,141.6447222,–kŠC“¹’t“às,https://travellovers.jp/2020/05/12/post-2121/,@’J–{ü
2,²‹v\‰¹ˆĞq•{,44.7441666,142.0486111,–kŠC“¹’†ì’¬,http://kam-r.sub.jp/ainu/9sou2.html,@’J–{ü
3,–k•l\’m°Î—¢,43.9583333,144.3522222,–kŠC“¹–Ô‘–s,https://www.tomotabitrip.com/entry/2020/02/15/184500,‹ú–Ô–{ü
4,‹ú˜H¼Œ´\ŠÀ,43.1002777,144.4477777,–kŠC“¹‹ú˜H’¬,https://www.kzlifelog.com/entry/jrh-senmo-line-report,‹ú–Ô–{ü
5,•Ê“–‰ê\©•z·,43.2183333,145.4236111,–kŠC“¹ªºs,http://kame2.com/menu/camera241-260/c260nemuro.htm,ªº–{ü
6,ŒúŠİ\…‹›‘ò,43.0561111,144.8411111,–kŠC“¹ŒúŠİ’¬,https://ameblo.jp/kokuritukouentetudou/entry-12627556382.html,ªº–{ü
7,—‡\V“¾,43.125,142.6688888,–kŠC“¹“ì•x—Ç–ì’¬,https://4travel.jp/travelogue/11399147,ªº–{ü
8,•z•”\‹àR,43.2916666,142.4,–kŠC“¹•x—Ç–ìs,https://otarunet.com/life/local_info/nunobe-simokanayama/,ªº–{ü
9,”ü‰l\•x—Ç–ì,43.5911111,142.4616666,–kŠC“¹”ü‰l’¬,https://digjapan.travel/blog/id=11637,•x—Ç–ìü
10,V—[’£\ƒgƒ}ƒ€,42.9363888,142.0358333,–kŠC“¹—[’£s,https://www.onitoge.org/tetsu/sekisho/index.htm,ÎŸü
11,“ú‚–å•Ê\“ŒÃ“à,42.4811111,142.0725,–kŠC“¹“ú‚’¬,https://www.onitoge.org/tetsu/hidaka/index.htm,“ú‚–{ü
12,’©—¢\‘K”Ÿ,43.1766666,141.0638888,–kŠC“¹¬’Ms,https://keiichinishimura.com/zenibako-sea/,”ŸŠÙ–{ü
13,‹âR\ƒjƒZƒR,43.0413888,140.7147222,–kŠC“¹m–Ø’¬,http://www7b.biglobe.ne.jp/~kemunyan/c62niseko003.html,”ŸŠÙ–{ü
14,mR\‹îƒ–Šx,41.93,140.635,–kŠC“¹µ”Ñ’¬,http://www.kukanzeneki.net/all/hako-mori/11.html,”ŸŠÙ–{ü
15,[‹½“c\ˆ°–ìŒö‰€,40.9511111,140.4411111,ÂXŒ§’†”‘’¬,https://tsutetsu.com/ensenguide.html,’ÃŒy“S“¹
16,äƒì\çô•~,40.6086111,139.8647222,ÂXŒ§[‰Y’¬,https://www.jreast.co.jp/akita/gonosen/menu/12.html,ŒÜ”\ü
17,ˆ¢mƒ}ƒ^ƒM\ˆ¢m‘O“c,39.9194444,140.5155555,H“cŒ§–kH“cs,https://www.akita-nairiku.com/,H“c“à—¤cŠÑ“S“¹
18,¼”ö”ª”¦•½\ˆÀ”ä‚Œ´,39.9691666,141.0438888,ŠâèŒ§”ª”¦•½s,https://tamanekotravel.com/iwate/%E8%8A%B1%E8%BC%AA%E7%B7%9A-%E8%BB%8A%E7%AA%93%E3%81%8B%E3%82%89%E8%A6%8B%E3%82%8B%E5%A4%8F%E3%81%AE%E5%85%AB%E5%B9%A1%E5%B9%B3-%E5%AE%89%E6%AF%94%E9%AB%98%E5%8E%9F-%E7%B1%B3%E4%BB%A3%E5%B7%9D/,‰Ô—Öü
19,‰ŸŠp\ó“à,39.7238888,141.6930555,ŠâèŒ§‹{ŒÃs,http://tetsurohyakkei.web5.jp/tetsurohyakkei.gallery0703.html,Šâòü
20,ã—LZ\—¤’†‘å‹´,39.2419444,141.6813888,ŠâèŒ§Z“c’¬,https://ameblo.jp/s-limited-express/entry-12489728253.html,Š˜Îü
21,‘ò“c\‰Yh,38.4322222,141.3822222,‹{éŒ§ÎŠªs,http://toretabi246.blog.jp/archives/25055896.html,ÎŠªü
22,“Œ–¼\—¤‘O•xR,38.3702777,141.1425,‹{éŒ§“Œ¼“‡s,https://railway-topic-kh8000show.net/2019/08/15/%E3%80%90%E4%BB%99%E7%9F%B3%E7%B7%9A%E3%81%AE%E7%B5%B6%E6%99%AF%E8%BB%8A%E7%AA%93%E3%81%AF%E9%AB%98%E5%9F%8E%E7%94%BA%EF%BD%9E%E9%99%B8%E5%89%8D%E5%B0%8F%E9%87%8E%E3%81%AE%E9%96%93%EF%BC%81%E4%BB%99/,åÎü
23,‚ ‚Ô‚­‚Ü\ŠÛX,37.9133333,140.6855555,‹{éŒ§ŠÛX’¬,http://marumori.jp/blog/2019070332524/,ˆ¢•ŒG‹}s
24,“¡“c\ŠL“c,37.8788888,140.5394444,•Ÿ“‡Œ§‘Œ©’¬,https://4travel.jp/travelogue/11238430,“Œ–k–{ü
25,”Ö’ò’¬\‰¥“‡,37.5575,139.9933333,•Ÿ“‡Œ§”Ö’ò’¬,https://ameblo.jp/kokuritukouentetudou/entry-12611516911.html,”Ö‰z¼ü
26,–ì‘ò\“úo’J,37.5908333,139.6444444,•Ÿ“‡Œ§¼‰ï’Ã’¬,http://shinanomachi.cocolog-nifty.com/blog/2012/06/12-5300.html,”Ö‰z¼ü
27,ŒKì\‰zŒãŠ¦ì,38.375,139.4586111,VŠƒŒ§‘ºãs,https://railway-journey.com/uetsu-line/,‰H‰z–{ü
28,‰ï’Ã‰–‘ò\‘å”’ì,37.3936111,139.355,•Ÿ“‡Œ§‘üŒ©’¬,https://tadami-line.jp/station_entry/26/#st_anc,‘üŒ©ü
29,‹vƒm•l\L–ì,37.1425,140.9958333,•Ÿ“‡Œ§‚¢‚í‚«s,https://www.tttable.co.jp/post/%E5%B8%B8%E7%A3%90%E7%B7%9A%E3%81%82%E3%82%8C%E3%81%93%E3%82%8Cvol-3,í”Öü
30,ó‘\‹Æ•½‹´,35.7119444,139.7983333,“Œ‹“s‘ä“Œ‹æ,https://omatsurijapan.com/blog/tokyoskytreeline-shasouhanami/,“Œ•ˆÉ¨èü
31,“y‡\“’w‘]iã‚è‚Ì‚İj,36.8305555,138.9677777,ŒQ”nŒ§‚İ‚È‚©‚İ’¬,https://www.travel.co.jp/guide/article/34934/,ã‰zü
32,ˆÀ’†\‰¡ì,36.3316666,138.9144444,ŒQ”nŒ§ˆÀ’†s,https://www.jreast.co.jp/railway/joyful/slgunma.html,M‰z–{ü
33,–{h\’Ê“´,36.4813888,139.2591666,ŒQ”nŒ§‹Ë¶s,https://www.watetsu.com/train/local.php,‚í‚½‚ç‚¹Œk’Jèc“¹
34,ó–ì\ŠCÅ‰Y,35.4975,139.6955555,_“ŞìŒ§‰¡•ls,https://4travel.jp/travelogue/10910306,’ßŒ©ü
35,“c‰Y\‰¡{‰ê,35.2927777,139.6375,_“ŞìŒ§‰¡{‰ês,http://zekkeieki.com/?p=471,‰¡{‰êü
36,’Ç•l|¬“ü,35.3158333,139.6247222,_“ŞìŒ§‰¡{‰ês,https://tetsudo-ch.com/10131484.html,‹‹}–{ü
37,˜a“c’Ë\‹ÉŠy›,35.3136111,139.5452777,_“ŞìŒ§Š™‘qs,https://tetsudo-ch.com/14268.html,]ƒm“‡“d“S
38,‘ì\ª•{ì,35.2386111,139.145,_“ŞìŒ§¬“cŒ´s,https://note.com/mizusour/n/n0bae2093951b,“ŒŠC“¹–{ü
39,“ƒƒm‘ò\‹{ƒm‰º,35.2344444,139.0938888,_“ŞìŒ§” ª’¬,https://www.mapple.net/article/26882/,” ª“oR“S“¹
40,•Ğ£”’“c\¡ˆä•lŠCŠİ,34.8019444,139.0611111,Ã‰ªŒ§“ŒˆÉ“¤’¬,https://railway-journey.com/izukyu-line/#i-17,ˆÉ“¤‹}s
41,O‚Â“»\‰º‹g“c,35.5241666,138.8455555,R—œŒ§¼Œj’¬,https://www.fujikyu-railway.jp/sightseeing/gallery01.php,•xm‹}s
42,ŸÀ‚Ô‚Ç‚¤‹½\‰–R,35.6727777,138.7430555,R—œŒ§bBs,https://ganref.jp/m/lunajune/reviews_and_diaries/diary/27826,’†‰›–{ü
43,”Bè\•xmŒ©,35.7094444,138.4513888,R—œŒ§”Bès,http://shanehsmt.html.xdomain.jp/Train/Japan/JR0/ChuouTou.html#Shiojiri,’†‰›–{ü
44,Å‰Y‚Ó“ª\‚¨‘äêŠC•lŒö‰€,35.6422222,139.7577777,“Œ‹“s`‹æ,http://pkappa.seesaa.net/article/404999712.html,‚ä‚è‚©‚à‚ß
45,M”Z’Ç•ª\•½Œ´,36.3355555,138.5586111,’·–ìŒ§Œyˆä‘ò’¬,https://www.shinanorailway.co.jp/,‚µ‚È‚Ì“S“¹
46,´—¢\M”Zìã,35.9191666,138.4363888,R—œŒ§–k“ms,https://railway-journey.com/koumi-line/,¬ŠCü
47,ãğ\“’“c’†,36.7494444,138.4075,’·–ìŒ§Rƒm“à’¬,https://www.nagaden-net.co.jp/,’·–ì“d“S
48,Š¥’…\›HÌ,36.4572222,138.0791666,’·–ìŒ§’}–k‘º,http://zekkeieki.com/?p=363,Âƒmˆäü
49,ˆî”ö\“ì_é,36.5538888,137.8425,’·–ìŒ§‘å’¬s,http://zekkeieki.com/?p=557,‘å…ü
50,‰F“ŞŒ\ŸO•½,36.815,137.5855555,•xRŒ§••”s,https://www.kurotetu.co.jp/spot_jyousya/,••”‹¬’J“S“¹
51,’†•š–Ø\¯ìŒû,36.7877777,137.0613888,•xRŒ§Ë…s,http://shanehsmt.html.xdomain.jp/Train/Japan/Shitetsu_1/ManyoSen.html,–œ—tü
52,‰z’†‘•ª\‰J°,36.8052777,137.0505555,•xRŒ§‚‰ªs,http://www.rail-travel.net/archives/2637,•XŒ©ü
53,”ä“‡\¬M“n,36.0658333,136.4841666,•ŸˆäŒ§ŸRs,http://shanehsmt.html.xdomain.jp/Train/Japan/Shitetsu_1/Echizen.html,‚¦‚¿‚º‚ñ“S“¹ 
54,O“‡\•xmì‹´—À,35.1263888,138.9094444,Ã‰ªŒ§O“‡s,http://asuzuki.la.coocan.jp/yama/yama2/tokai-index.htm,“ŒŠC“¹VŠ²ü
55,Šx“ìŒ´“c\”ä“Ş,35.1661111,138.7044444,Ã‰ªŒ§•xms,http://shanehsmt.html.xdomain.jp/Train/Japan/Shitetsu_1/Gakunan.html,Šx“ì“S“¹
56,Ú‘Z‹¬‰·ò\ˆäì,35.1788888,138.1852777,Ã‰ªŒ§ìª–{’¬,http://shanehsmt.html.xdomain.jp/Train/Japan/Shitetsu_1/Ohigawa.html,‘åˆäìèc“¹
57,¼‹C‰ê\¡À,34.8022222,137.6213888,Ã‰ªŒ§•l¼s,https://www.tenhama.co.jp/gallery/tenhama/?area=10,“V—³•l–¼ŒÎ“S“¹
58,‘å—’\ˆ×ŒI,35.1905555,137.8183333,Ã‰ªŒ§•l¼s,http://zekkeieki.com/?p=481,”Ñ“cü
59,ˆÉ“ß‘å“‡\”Ñ“‡,35.5955555,137.9130555,’·–ìŒ§¼ì’¬,https://blog.nagano-ken.jp/kamiina/life/319.html,”Ñ“cü
60,”ÑÀ\‰Ô”’,35.4186111,137.4613888,Šò•ŒŒ§’†’Ãìs,https://www.aketetsu.co.jp/,–¾’m“S“¹
61,”ò‘Ë‹àR\ÄÎ,35.6625,137.1641666,Šò•ŒŒ§‰º˜Cs,https://www.toretabi.jp/travel/vol02/01.html,‚R–{ü
62,’r‚Ì‰YƒV[ƒTƒCƒhi—Õj\’¹‰H,34.4911111,136.8136111,OdŒ§ˆÉ¨s,http://zekkeieki.com/?p=870,Q‹{ü
63,”~ƒ–’J\‹IˆÉ’·“‡,34.2580555,136.3563888,OdŒ§‘å‹I’¬,https://so4338new.blogspot.com/2019/10/blog-post_5.html?m=0,‹I¨–{ü
64,ŒÃÀ\‹ø–{,33.5183333,135.8208333,˜a‰ÌRŒ§‹ø–{’¬,https://shimotsuki29.com/kiseihonsen1/#i-2,‹I¨–{ü
65,‘å˜a’©‘q\÷ˆä,34.5158333,135.8688888,“Ş—ÇŒ§÷ˆäs,https://www.zc.ztv.ne.jp/toritetsu/kintetsu.html,‹ß“S‘åãü
66,‹ã“xR\‹ÉŠy‹´,34.2877777,135.5644444,˜a‰ÌRŒ§‹ã“xR’¬,https://otent-nankai.jp/category/topic/190816_koya-hanatetudou_154,“ìŠC‚–ìü
67,–‡‰ª\ÎØ,34.6694444,135.6480555,‘åã•{“Œ‘åãs,https://www.kintetsu.co.jp/senden/kintetsu-yakei/,‹ß“S“Ş—Çü
68,ƒgƒƒbƒR—’R\ƒgƒƒbƒR‹T‰ª,35.0169444,135.6708333,‹“s•{‹“ss,https://www.sagano-kanko.co.jp/tokusetsu.php,µ‰ã–ìŠÏŒõ“S“¹
69,êJ‰z\—é—–‘ä,34.6927777,135.1425,•ºŒÉŒ§_ŒËs,http://www.xn--i6qu97kl3dxuaj9ezvh.com/%E6%92%AE%E5%BD%B1%E5%9C%B0%E3%83%A1%E3%83%A2/kb/%E9%B5%AF%E8%B6%8A-%E9%88%B4%E8%98%AD%E5%8F%B0_1/,_ŒË“d“S
70,{–\’©–¶,34.6422222,135.1125,•ºŒÉŒ§_ŒËs,https://togetter.com/li/1377283,R—z–{ü
71,’OŒã—R—Ç\ŒI“c,35.5158333,135.2794444,‹“s•{‹{’Ãs,https://travel.willer.co.jp/train/tantetsu/aomatsu/,–k‹ß‹Eƒ^ƒ“ƒS“S“¹
72,’|–ì\éP•”,35.6497222,134.7563888,•ºŒÉŒ§–L‰ªs,http://www.tsubamenet.com/japan/souko_exp/04west/hamakaze/070102.htm,R‰Aü
73,o‰_âª\Oˆä–ìŒ´,35.1022222,133.1205555,“‡ªŒ§‰œo‰_’¬,http://geo.d51498.com/rail4747/data/kisuki.html,–ØŸü
74,¬“c\”gª,35.2847222,132.6302777,“‡ªŒ§o‰_s,https://railway-journey.com/sanin-line-3/,R‰A–{ü
75,‹Ê]\”Ñˆä,34.4052777,131.3797222,RŒûŒ§”‹s,https://railway-journey.com/sanin-line-4/,R‰A–{ü
76,ŒË“c\•xŠC,34.0725,131.7047222,RŒûŒ§ü“ìs,https://railside.exblog.jp/23178727/,R—z–{ü
77,™“‡\‰F‘½’Ã,34.4627777,133.8075,‰ªRŒ§‘q•~s,http://www.tsubamenet.com/japan/souko_local/05sikoku/setotorokko/040401.htm,£ŒË‘å‹´ü
78,’ØK\’Ï,34.0538888,133.8238888,“¿“‡Œ§ODs,http://tsukimino.sakura.ne.jp/hikyo-station10.html,“y]ü
79,‘c’JŒû\‘å•àŠë,33.9725,133.7802777,“¿“‡Œ§ODs,https://railway-journey.com/dosan-line/,“y]ü
80,V‰ü\“y²R“c,33.6497222,133.6955555,‚’mŒ§”üs,https://railway-journey.com/dosan-line/,“y]ü
81,‚ ‚©‚¨‚©\Ô–ì,33.54,133.7219444,‚’mŒ§“ìs,http://kiha81.com/open-deck-yataro-shintaro/,‚²‚ß‚ñE‚È‚Í‚èü
82,“y²‘å³\]ìè,33.1947222,132.9755555,‚’mŒ§l–œ\’¬,https://www.toretabi.jp/travel/vol10/01.html,—\“yü
83,‰º‰F˜a\—§ŠÔ,33.3497222,132.5311111,ˆ¤•QŒ§¼—\s,http://eki88.info/index.cgi?Sshop=23,—\]ü
84,ˆÉ—\ã“å\Šì‘½“å,33.6836111,132.6327777,ˆ¤•QŒ§ˆÉ—\s,http://eki88.info/index.cgi?Sshop=20,—\]ü
85,éŒË“ì‘ ‰@‘O\ÂŒI,33.6177777,130.5719444,•Ÿ‰ªŒ§ÂŒI’¬,http://shanehsmt.html.xdomain.jp/Train/Japan/JR0/Sasaguri.html,ÂŒIü
86,Šåƒm‘ƒ\ŠCƒm’†“¹,33.6836111,130.4027777,•Ÿ‰ªŒ§•Ÿ‰ªs,https://ken201407.exblog.jp/23255694/,’Åü
87,Ì“ºŠ\t,33.7072222,130.8530555,•Ÿ‰ªŒ§t’¬,https://acros.or.jp/magazine/photo24.html,“ú“c•FRü
88,”Ş‹n\¼Œ´,33.0397222,129.9144444,’·èŒ§“Œ”Ş‹n’¬,https://www.mocomoco-tetsutabi.com/entry/2018/05/18/120000,‘å‘ºü
89,²¢•Û\ò•Ÿ›,33.1636111,129.7258333,’·èŒ§²¢•Ûs,https://wow-j.com/jp/Allguides/nagasaki/sightseeing/01380_jp/,¼‰Y“S“¹
90,”ì‘Oµ‰Y\¬’·ˆä,33.0708333,130.1452777,²‰êŒ§­“‡s,https://railway-topic-kh8000show.net/2020/01/09/%E3%80%90%EF%BC%92%EF%BC%90%EF%BC%91%EF%BC%97%E5%B9%B4%EF%BC%93%E6%9C%88%E4%B9%97%E8%BB%8A%E8%A8%98%EF%BC%8F%E9%95%B7%E5%B4%8E%E7%B7%9A817%E7%B3%BB%E3%81%AE2825m%E4%BD%90%E8%B3%80%E2%86%92%E8%AB%AB/,’·è–{ü
91,‘å³\O‰ï,32.8602777,130.2255555,’·èŒ§‰_ås,http://shanehsmt.html.xdomain.jp/Train/Japan/Shitetsu_1/Shimabara.html,“‡Œ´“S“¹
92,–kR“c\–LŒãX,33.2819444,131.1008333,‘å•ªŒ§‹èì’¬,https://www.toretabi.jp/travel/vol11/01.html,‹v‘å–{ü
93,–ì–î\“ì—R•z,33.2402777,131.2516666,‘å•ªŒ§‹ãd’¬,https://www.toretabi.jp/travel/vol11/01.html,‹v‘å–{ü
94,’Ã‹vŒ©\²”Œ,33.0727777,131.8636111,‘å•ªŒ§’Ã‹vŒ©s,http://www.tsubamenet.com/japan/souko_exp/06kyusyu/sonic/080701.htm,“ú–L–{ü
95,—§–ì\”g–ìA—§–ì\’†¼,32.8775,130.965,ŒF–{Œ§“ìˆ¢‘h‘º,https://www.mt-torokko.com/sightseeing/,–L”ì–{üA“ìˆ¢‘h“S“¹
96,‘å”¨\^K,32.165,130.7877777,ŒF–{Œ§l‹gs,https://www.toretabi.jp/travel/vol14/01.html,”ìFü
97,­™“‡\—³ƒ–…,31.6022222,130.5641666,­™“‡Œ§­™“‡s,http://shanehsmt.html.xdomain.jp/Train/Japan/JR0/NippohHon.html,“ú–L–{ü
98,“ú“Ş‹v‰·ò\ŠC‰Y,32.4361111,130.5819444,ŒF–{Œ§”ª‘ãs,https://www.hs-orange.com/station/pub/detail.aspx?c_id=12&station_id=3,”ìF‚¨‚ê‚ñ‚¶“S“¹
99,‘åR\‰oˆ¡,31.195,130.5991666,­™“‡Œ§whs,https://tetsumin.com/ibusuki-makurazakisenn,wh–èü
100,s—§•a‰@‘O\ñ—¢,26.2275,127.71,‰«“êŒ§“ß”es,http://shanehsmt.html.xdomain.jp/Train/Japan/Shitetsu_1/YuiRail.html,‚ä‚¢ƒŒ[ƒ‹
